Depth,Mg/Ca,d18O VPDB G. ruber white,Author
[cm],[mmol/mol],[permil],
190,4.79,-1.69,LoDico et al. (2006)
190.5,4.84,-1.57,LoDico et al. (2006)
191,4.9,-1.41,LoDico et al. (2006)
191.5,4.8,-1.39,LoDico et al. (2006)
192,5.35,-1.6,LoDico et al. (2006)
192.5,4.81,-1.66,LoDico et al. (2006)
193,5.16,-2.01,LoDico et al. (2006)
193.5,4.87,-1.81,LoDico et al. (2006)
194,4.7,-1.58,LoDico et al. (2006)
194.5,4.84,-1.74,LoDico et al. (2006)
195,4.91,-1.69,LoDico et al. (2006)
195.5,4.75,-1.81,LoDico et al. (2006)
196.5,4.84,-1.9,LoDico et al. (2006)
197,5.03,-1.45,LoDico et al. (2006)
197.5,5.02,-1.76,LoDico et al. (2006)
198,5.28,-1.61,LoDico et al. (2006)
198.5,5.08,-1.88,LoDico et al. (2006)
199,4.78,-1.79,LoDico et al. (2006)
199.5,5.66,-1.52,LoDico et al. (2006)
200,5.07,-1.71,LoDico et al. (2006)
200.5,5.25,-1.78,LoDico et al. (2006)
201,5.46,-1.35,LoDico et al. (2006)
201.5,4.9,-1.55,LoDico et al. (2006)
202,5.39,-1.6,LoDico et al. (2006)
202.5,5.07,-1.83,LoDico et al. (2006)
203,5.24,-1.89,LoDico et al. (2006)
203.5,5.12,-1.89,LoDico et al. (2006)
204,5.22,-2.07,LoDico et al. (2006)
204.5,5.19,-1.51,LoDico et al. (2006)
205,5.12,-1.9,LoDico et al. (2006)
205.5,5.25,-1.85,LoDico et al. (2006)
206,5.21,-2.34,LoDico et al. (2006)
206.5,5.34,-2.01,LoDico et al. (2006)
207,5.54,-1.99,LoDico et al. (2006)
207.5,5.28,-1.74,LoDico et al. (2006)
208,5.06,-1.74,LoDico et al. (2006)
208.5,4.85,-1.65,LoDico et al. (2006)
209,4.89,-1.86,LoDico et al. (2006)
209.5,5.05,-1.73,LoDico et al. (2006)
210,4.99,-1.56,LoDico et al. (2006)
210.5,4.76,-1.97,LoDico et al. (2006)
211,4.79,-1.72,LoDico et al. (2006)
211.5,5.15,-1.79,LoDico et al. (2006)
212,5.12,-1.96,LoDico et al. (2006)
212.5,4.81,-1.66,LoDico et al. (2006)
213,5.13,-1.68,LoDico et al. (2006)
213.5,4.84,-1.78,LoDico et al. (2006)
214,4.68,-1.71,LoDico et al. (2006)
214.5,4.47,-1.54,LoDico et al. (2006)
215,4.61,-1.54,LoDico et al. (2006)
216,4.7,-1.29,LoDico et al. (2006)
216.5,4.9,-1.88,LoDico et al. (2006)
217,4.77,-1.4,LoDico et al. (2006)
217.5,4.56,-1,LoDico et al. (2006)
218,4.5,-1.36,LoDico et al. (2006)
218.5,4.77,-1.53,LoDico et al. (2006)
219,5.05,-1.77,LoDico et al. (2006)
219.5,4.75,-1.29,LoDico et al. (2006)
220,5.06,-1.45,LoDico et al. (2006)
220.5,4.69,-1.89,LoDico et al. (2006)
221,4.99,-2.12,LoDico et al. (2006)
221.5,4.67,-1.49,LoDico et al. (2006)
222,4.67,-1.36,LoDico et al. (2006)
222.5,5.36,-1.36,LoDico et al. (2006)
223,4.75,-1.36,LoDico et al. (2006)
223.5,4.7,-1.42,LoDico et al. (2006)
224,5.04,-1.31,LoDico et al. (2006)
224.5,5.08,-1.73,LoDico et al. (2006)
225,5.13,-1.62,LoDico et al. (2006)
225.5,4.95,-1.93,LoDico et al. (2006)
226,4.91,-1.76,LoDico et al. (2006)
226.5,5.15,-2.19,LoDico et al. (2006)
227,5.09,-1.94,LoDico et al. (2006)
227.5,5.04,-2.6,LoDico et al. (2006)
228,5.15,-2.02,LoDico et al. (2006)
228.5,4.8,-1.97,LoDico et al. (2006)
229,5.03,-1.91,LoDico et al. (2006)
229.5,5.07,-2.36,LoDico et al. (2006)
230,4.83,-2.02,LoDico et al. (2006)
230.5,5.14,-1.84,LoDico et al. (2006)
231,5.13,-1.99,LoDico et al. (2006)
231.5,5.06,-1.9,LoDico et al. (2006)
232,5.06,-1.87,LoDico et al. (2006)
232.5,4.97,-1.53,LoDico et al. (2006)
233,4.75,-1.28,LoDico et al. (2006)
233.5,4.91,-1.37,LoDico et al. (2006)
234,4.96,-1.61,LoDico et al. (2006)
234.5,4.83,-1.42,LoDico et al. (2006)
235,4.74,-1.73,LoDico et al. (2006)
235.5,4.93,-1.58,LoDico et al. (2006)
236,4.74,-1.43,LoDico et al. (2006)
236.5,4.65,-1.24,LoDico et al. (2006)
237,4.55,-1.27,LoDico et al. (2006)
237.5,4.59,-1.32,LoDico et al. (2006)
238,4.91,-1.39,LoDico et al. (2006)
238.5,4.52,-1.33,LoDico et al. (2006)
239,4.82,-1.32,LoDico et al. (2006)
239.5,4.82,-1.57,LoDico et al. (2006)
240,4.89,-1.31,LoDico et al. (2006)
240.5,4.55,-1.41,LoDico et al. (2006)
241,4.91,-1.53,LoDico et al. (2006)
241.5,4.68,-1.47,LoDico et al. (2006)
242,5.17,-1.66,LoDico et al. (2006)
242.5,5.08,-1.82,LoDico et al. (2006)
243,4.82,-1.59,LoDico et al. (2006)
243.5,4.81,-1.28,LoDico et al. (2006)
244,5.14,-1.56,LoDico et al. (2006)
244.5,4.94,-1.4,LoDico et al. (2006)
245,5.02,-1.32,LoDico et al. (2006)
245.5,5.2,-1.69,LoDico et al. (2006)
246,4.77,-1.46,LoDico et al. (2006)
246.5,4.61,-1.39,LoDico et al. (2006)
247,4.63,-1.45,LoDico et al. (2006)
248.5,4.72,-1,LoDico et al. (2006)
249,4.89,-1.14,LoDico et al. (2006)
250,4.89,-1.24,LoDico et al. (2006)
250.5,4.4,-1.36,LoDico et al. (2006)
251,4.7,-1.19,LoDico et al. (2006)
251.5,5.3,-1.4,LoDico et al. (2006)
252.5,5.12,-1.59,LoDico et al. (2006)
253,4.9,-1.32,LoDico et al. (2006)
253.5,4.81,-1.33,LoDico et al. (2006)
254,5.03,-1.48,LoDico et al. (2006)
254.5,4.9,-1.61,LoDico et al. (2006)
255,5.13,-1.73,LoDico et al. (2006)
255.5,4.53,-1.39,LoDico et al. (2006)
256,4.67,-1.68,LoDico et al. (2006)
256.5,4.91,-1.71,LoDico et al. (2006)
257,4.68,-1.25,LoDico et al. (2006)
257.5,5.11,-1.64,LoDico et al. (2006)
258,4.72,-1.81,LoDico et al. (2006)
258.5,4.37,-1.69,LoDico et al. (2006)
259,4.73,-1.37,LoDico et al. (2006)
259.5,4.51,-1.38,LoDico et al. (2006)
260,4.72,-1.71,LoDico et al. (2006)
260.5,4.7,-1.53,LoDico et al. (2006)
261.5,4.98,-1.83,LoDico et al. (2006)
262,4.72,-1.53,LoDico et al. (2006)
262.5,4.87,-1.18,LoDico et al. (2006)
263,5.07,-1.69,LoDico et al. (2006)
263.5,5.14,-1.55,LoDico et al. (2006)
264,4.64,-1.6,LoDico et al. (2006)
264.5,5.08,-1.67,LoDico et al. (2006)
265,4.83,-1.51,LoDico et al. (2006)
265.5,4.52,-1.81,LoDico et al. (2006)
266,4.33,-1.66,LoDico et al. (2006)
266.5,3.95,-1.05,LoDico et al. (2006)
267,4.39,-1.53,LoDico et al. (2006)
267.5,4.19,-1,LoDico et al. (2006)
268,4.43,-1.48,LoDico et al. (2006)
268.5,4.19,-1.15,LoDico et al. (2006)
270,4.52,-1.07,LoDico et al. (2006)
270.5,4.23,-1.04,LoDico et al. (2006)
271,4.11,-1.05,LoDico et al. (2006)
271.5,4.39,-1,LoDico et al. (2006)
272,4.49,-1.29,LoDico et al. (2006)
272.5,4.52,-1.36,LoDico et al. (2006)
273,4.44,-1.1,LoDico et al. (2006)
273.5,4.58,-1.04,LoDico et al. (2006)
274,4.22,-1.28,LoDico et al. (2006)
274.5,4.74,-1.26,LoDico et al. (2006)
275,4.47,-1.2,LoDico et al. (2006)
275.5,4.38,-1.16,LoDico et al. (2006)
276,4.56,-1.52,LoDico et al. (2006)
276.5,4.69,-1.62,LoDico et al. (2006)
277,3.97,-1.13,LoDico et al. (2006)
277.5,4.7,-1.5,LoDico et al. (2006)
278,4.64,-1.71,LoDico et al. (2006)
278.5,4.48,-1.68,LoDico et al. (2006)
279,4.75,-1.39,LoDico et al. (2006)
279.5,4.55,-1.74,LoDico et al. (2006)
280,4.68,-1.81,LoDico et al. (2006)
280.5,4.84,-1.19,LoDico et al. (2006)
281,4.43,-1.15,LoDico et al. (2006)
281.5,4.56,-1.44,LoDico et al. (2006)
282,4.62,-1.2,LoDico et al. (2006)
282.5,4.49,-1.87,LoDico et al. (2006)
283,4.43,-1.67,LoDico et al. (2006)
283.5,4.38,-1.66,LoDico et al. (2006)
284,4.17,-1.11,LoDico et al. (2006)
284.5,4.36,-1.35,LoDico et al. (2006)
285,4.18,-1.03,LoDico et al. (2006)
285.5,4.37,-1.23,LoDico et al. (2006)
286,4.46,-1.36,LoDico et al. (2006)
286.5,4.62,-1.1,LoDico et al. (2006)
287.5,4.49,-1.43,LoDico et al. (2006)
288,4.41,-1.25,LoDico et al. (2006)
288.5,4.1,-1.04,LoDico et al. (2006)
289,4.04,-1.12,LoDico et al. (2006)
289.5,4.25,-1.16,LoDico et al. (2006)
290,4.22,-1.17,LoDico et al. (2006)
290.5,4.26,-1.01,LoDico et al. (2006)
291,4.63,-1.32,LoDico et al. (2006)
291.5,3.77,-0.64,LoDico et al. (2006)
292,4.04,-1.16,LoDico et al. (2006)
292.5,4.19,-1.28,LoDico et al. (2006)
293,4.7,-1.74,LoDico et al. (2006)
293.5,4.31,-1.28,LoDico et al. (2006)
294,4.01,-0.96,LoDico et al. (2006)
294.5,3.89,-1.01,LoDico et al. (2006)
295,4.33,-1.6,LoDico et al. (2006)
295.5,3.61,-1.2,LoDico et al. (2006)
296,4.81,-1.01,LoDico et al. (2006)
296.5,4.55,-1.38,LoDico et al. (2006)
297,4.55,-1.28,LoDico et al. (2006)
297.5,4.25,-1.38,LoDico et al. (2006)
298,4.06,-1.21,LoDico et al. (2006)
298.5,4.28,-1.09,LoDico et al. (2006)
299,3.95,-0.83,LoDico et al. (2006)
299.5,4.08,-1.16,LoDico et al. (2006)
302.5,4.46,-1.31,LoDico et al. (2006)
311,,-1.33277121272296,"Williams et al. (2010, 2012)"
312,3.83,-1.25036107499643,"Williams et al. (2010, 2012)"
312.5,3.82,-0.95271504814886,"Williams et al. (2010, 2012)"
313,4.03,-0.913933806865789,"Williams et al. (2010, 2012)"
314,3.78,-1.02058222039424,"Williams et al. (2010, 2012)"
314.5,3.73,,"Williams et al. (2010, 2012)"
315,3.72,-1.02542987555462,"Williams et al. (2010, 2012)"
315.5,,-1.16892046830198,"Williams et al. (2010, 2012)"
316,3.26,-1.15825562694914,"Williams et al. (2010, 2012)"
316.5,,-1.35700948852488,"Williams et al. (2010, 2012)"
317,3.92,-1.54897663287609,"Williams et al. (2010, 2012)"
317.5,3.91,-1.38997354361549,"Williams et al. (2010, 2012)"
318,3.83,-1.29108137834366,"Williams et al. (2010, 2012)"
318.5,3.79,-1.4190594745778,"Williams et al. (2010, 2012)"
319,4.19,-1.48692664682317,"Williams et al. (2010, 2012)"
319.5,4.08,-1.27072122667005,"Williams et al. (2010, 2012)"
320,4.02,-1.2474524819002,"Williams et al. (2010, 2012)"
320.5,,-1.32889308859465,"Williams et al. (2010, 2012)"
321,,-1.14468219250006,"Williams et al. (2010, 2012)"
321.5,3.79,-0.770443214118423,"Williams et al. (2010, 2012)"
322,,-1.31047199898519,"Williams et al. (2010, 2012)"
322.5,3.92,-1.30659387485689,"Williams et al. (2010, 2012)"
323,3.82,-0.888726000031792,"Williams et al. (2010, 2012)"
323.5,4.07,-1.14468219250006,"Williams et al. (2010, 2012)"
324,4.96,-0.950775986084707,"Williams et al. (2010, 2012)"
324.5,4.35,-1.18443296481521,"Williams et al. (2010, 2012)"
325,,-0.860609600101565,"Williams et al. (2010, 2012)"
325.5,,-1.07099783406223,"Williams et al. (2010, 2012)"
326,,-0.749113531412736,"Williams et al. (2010, 2012)"
326.5,,-1.77487736334998,"Williams et al. (2010, 2012)"
327,,-1.13207828908307,"Williams et al. (2010, 2012)"
327.5,,-1.65465551537245,"Williams et al. (2010, 2012)"
328,,-1.30174621969651,"Williams et al. (2010, 2012)"
328.5,,-0.786925241663727,"Williams et al. (2010, 2012)"
329,,-0.832493200171339,"Williams et al. (2010, 2012)"
329.5,3.69,-1.07875408231885,"Williams et al. (2010, 2012)"
330,,-0.754930717605195,"Williams et al. (2010, 2012)"
330.5,3.66,-1.2018845233926,"Williams et al. (2010, 2012)"
331,3.6,-0.946897861956398,"Williams et al. (2010, 2012)"
331.5,,-1.05385096516408,"Williams et al. (2010, 2012)"
332,3.68,,"Williams et al. (2010, 2012)"
332.5,,-1.27393450944551,"Williams et al. (2010, 2012)"
333,4.19,-0.734875255610817,"Williams et al. (2010, 2012)"
333.5,,-0.782382276182577,"Williams et al. (2010, 2012)"
334,,-0.856066634620415,"Williams et al. (2010, 2012)"
334.5,,-1.60066646725539,"Williams et al. (2010, 2012)"
335,,-1.38155245400604,"Williams et al. (2010, 2012)"
335.5,,-1.22157983371336,"Williams et al. (2010, 2012)"
336,3.67,-1.57255006732516,"Williams et al. (2010, 2012)"
336.5,4.08,-1.26714779222097,"Williams et al. (2010, 2012)"
337,4.06,-1.28459935079836,"Williams et al. (2010, 2012)"
337.5,3.54,-0.908421310352562,"Williams et al. (2010, 2012)"
338,3.29,-1.23224467506621,"Williams et al. (2010, 2012)"
338.5,3.67,-1.41354697806457,"Williams et al. (2010, 2012)"
339,,-1.06160721342069,"Williams et al. (2010, 2012)"
339.5,,-1.50759148817602,"Williams et al. (2010, 2012)"
340,,-1.15371266146799,"Williams et al. (2010, 2012)"
340.5,3.35,-0.786260400310887,"Williams et al. (2010, 2012)"
341,3.42,-1.01313066181685,"Williams et al. (2010, 2012)"
341.5,3.45,,"Williams et al. (2010, 2012)"
342,3.04,-0.0171176021947552,"Williams et al. (2010, 2012)"
342.5,,-1.01185644110554,"Williams et al. (2010, 2012)"
343,,-0.0946800847609026,"Williams et al. (2010, 2012)"
343.5,3.21,-0.27598238775926,"Williams et al. (2010, 2012)"
344,,-0.213932401706344,"Williams et al. (2010, 2012)"
344.5,,0.0798355010129193,"Williams et al. (2010, 2012)"
345,,-0.453406566629315,"Williams et al. (2010, 2012)"
345.5,3.71,-0.440802663212317,"Williams et al. (2010, 2012)"
346,3.24,-0.288586291176259,"Williams et al. (2010, 2012)"
346.5,3.13,-0.368087835806556,"Williams et al. (2010, 2012)"
347,3.35,0.138007362937529,"Williams et al. (2010, 2012)"
348,3.56,-0.543212800938846,"Williams et al. (2010, 2012)"
348.5,,-0.743905724578742,"Williams et al. (2010, 2012)"
349,3.34,-0.249444898219579,"Williams et al. (2010, 2012)"
349.5,3.26,-0.192242567327046,"Williams et al. (2010, 2012)"
350,,-1.00664863427155,"Williams et al. (2010, 2012)"
350.5,,-0.612049504216298,"Williams et al. (2010, 2012)"
351,3.66,-0.246536305123346,"Williams et al. (2010, 2012)"
351.5,3.19,-0.279860511887566,"Williams et al. (2010, 2012)"
352,,-0.161577725974198,"Williams et al. (2010, 2012)"
352.5,,-0.311855035946103,"Williams et al. (2010, 2012)"
353,3.28,-0.112131643338284,"Williams et al. (2010, 2012)"
353.5,3.4,-0.243018332668651,"Williams et al. (2010, 2012)"
354,3.48,-0.511578428553921,"Williams et al. (2010, 2012)"
354.5,,-0.260469891246032,"Williams et al. (2010, 2012)"
355,3.11,-0.143156636364743,"Williams et al. (2010, 2012)"
355.5,,-0.790803365792037,"Williams et al. (2010, 2012)"
356,3.01,-0.178059753519506,"Williams et al. (2010, 2012)"
356.5,,-0.521273738874687,"Williams et al. (2010, 2012)"
357,3.08,-0.229444898219576,"Williams et al. (2010, 2012)"
357.5,,-0.498974525136923,"Williams et al. (2010, 2012)"
358,3.69,,"Williams et al. (2010, 2012)"
358.5,3.78,-0.0487519745796803,"Williams et al. (2010, 2012)"
359,,-0.471467504565162,"Williams et al. (2010, 2012)"
359.5,3.31,-0.0671730641891415,"Williams et al. (2010, 2012)"
360,,-0.16412616739682,"Williams et al. (2010, 2012)"
360.5,,-0.535456552682231,"Williams et al. (2010, 2012)"
361,,-0.274652705053573,"Williams et al. (2010, 2012)"
361.5,,-0.86800569668457,"Williams et al. (2010, 2012)"
362,,-0.704154952263593,"Williams et al. (2010, 2012)"
362.5,,-0.127283988177901,"Williams et al. (2010, 2012)"
363,,-0.67409949026921,"Williams et al. (2010, 2012)"
363.5,,-0.746814317674968,"Williams et al. (2010, 2012)"
364,,-0.775900248637274,"Williams et al. (2010, 2012)"
364.5,,-0.249444898219579,"Williams et al. (2010, 2012)"
365,,-0.508309683784081,"Williams et al. (2010, 2012)"
365.5,,-0.415234704704709,"Williams et al. (2010, 2012)"
366.5,,-0.32119019459326,"Williams et al. (2010, 2012)"
367,,-0.711911200520206,"Williams et al. (2010, 2012)"
367.5,,-0.303738636015879,"Williams et al. (2010, 2012)"
368,3.42,-0.811772896824113,"Williams et al. (2010, 2012)"
368.5,,-0.564542483644534,"Williams et al. (2010, 2012)"
369,,-0.367727684132948,"Williams et al. (2010, 2012)"
369.5,,-0.990166606726245,"Williams et al. (2010, 2012)"
370,,-1.27133060602851,"Williams et al. (2010, 2012)"
370.5,,-0.26980504989319,"Williams et al. (2010, 2012)"
371,,-0.464680787340626,"Williams et al. (2010, 2012)"
371.5,,-0.988227544662092,"Williams et al. (2010, 2012)"
372,3.48,-0.820747903797656,"Williams et al. (2010, 2012)"
372.5,,-1.11354627548485,"Williams et al. (2010, 2012)"
373,,-1.07670409626593,"Williams et al. (2010, 2012)"
373.5,,-1.04374004117532,"Williams et al. (2010, 2012)"
374,,-1.07282597213762,"Williams et al. (2010, 2012)"
375,,-0.989446303379022,"Williams et al. (2010, 2012)"
375.5,3.56,,"Williams et al. (2010, 2012)"
376,,-1.02725801363001,"Williams et al. (2010, 2012)"
376.5,,-0.727672924718284,"Williams et al. (2010, 2012)"
377,,-0.52116281488593,"Williams et al. (2010, 2012)"
378,,-0.861468207144885,"Williams et al. (2010, 2012)"
378.5,,-1.12615017890185,"Williams et al. (2010, 2012)"
379,3.95,,"Williams et al. (2010, 2012)"
379.5,,-0.332104263630956,"Williams et al. (2010, 2012)"
380,3.73,-1.19789547527553,"Williams et al. (2010, 2012)"
380.5,3.08,-1.15038845470377,"Williams et al. (2010, 2012)"
381.5,,-1.05925253768855,"Williams et al. (2010, 2012)"
382,,-1.1697790753453,"Williams et al. (2010, 2012)"
382.5,,-1.63127584661385,"Williams et al. (2010, 2012)"
383,,-1.0990033100037,"Williams et al. (2010, 2012)"
383.5,,-1.05369393994329,"Williams et al. (2010, 2012)"
384,,-1.36271575072858,"Williams et al. (2010, 2012)"
384.5,,-1.70592973608376,"Williams et al. (2010, 2012)"
385,4.01,-1.59831179152324,"Williams et al. (2010, 2012)"
385.5,3.81,-1.99969763880303,"Williams et al. (2010, 2012)"
386.5,,-1.82809064612544,"Williams et al. (2010, 2012)"
387,,-2.23044602443731,"Williams et al. (2010, 2012)"
387.5,,-2.21493352792408,"Williams et al. (2010, 2012)"
388,,-2.69485138880209,"Williams et al. (2010, 2012)"
388.5,,-3.07587708440827,"Williams et al. (2010, 2012)"
389,,-3.64402226920527,"Williams et al. (2010, 2012)"
389.5,,-3.40551763531438,"Williams et al. (2010, 2012)"
390,,-2.27795304500907,"Williams et al. (2010, 2012)"
390.5,,-3.31922937345955,"Williams et al. (2010, 2012)"
391,,-2.69775998189832,"Williams et al. (2010, 2012)"
391.5,,-2.84706776083815,"Williams et al. (2010, 2012)"
392,3.97,-1.86978048050474,"Williams et al. (2010, 2012)"
392.5,,-2.49451861683581,"Williams et al. (2010, 2012)"
393,3.94,-2.90499039507791,"Williams et al. (2010, 2012)"
393.5,,-3.07174973259512,"Williams et al. (2010, 2012)"
394,3.47,-2.72853574723993,"Williams et al. (2010, 2012)"
394.5,,-3.49155666948436,"Williams et al. (2010, 2012)"
395,,-3.47895276606737,"Williams et al. (2010, 2012)"
396.5,3.25,-2.32709443796575,"Williams et al. (2010, 2012)"
397,3.75,-2.28637413461853,"Williams et al. (2010, 2012)"
397.5,4.03,-2.81864667122869,"Williams et al. (2010, 2012)"
398,4.04,-2.65673498887186,"Williams et al. (2010, 2012)"
398.5,3.68,-2.34260693447898,"Williams et al. (2010, 2012)"
399,3.56,-3.16186065658387,"Williams et al. (2010, 2012)"
399.5,3.49,-3.49440980058621,"Williams et al. (2010, 2012)"
400,3.66,-3.41296919389176,"Williams et al. (2010, 2012)"
400.5,,-3.68443788287326,"Williams et al. (2010, 2012)"
401,2.93,-3.84362104797066,"Williams et al. (2010, 2012)"
401.5,3.89,-3.78429957917717,"Williams et al. (2010, 2012)"
402,,-3.22506024950567,"Williams et al. (2010, 2012)"
402.5,,-3.76186206174332,"Williams et al. (2010, 2012)"
403,,-3.19014484765668,"Williams et al. (2010, 2012)"
403.5,3.72,-3.2489801457747,"Williams et al. (2010, 2012)"
404,,-3.09416127548108,"Williams et al. (2010, 2012)"
404.5,,-2.89413178803459,"Williams et al. (2010, 2012)"
405.5,,-3.42155666948436,"Williams et al. (2010, 2012)"
406,,-4.18197509347124,"Williams et al. (2010, 2012)"
406.5,,-2.81656930546844,"Williams et al. (2010, 2012)"
407,,-0.409529847660451,"Williams et al. (2010, 2012)"
407.5,,-1.56878286718562,"Williams et al. (2010, 2012)"
408,,-3.0970414350004,"Williams et al. (2010, 2012)"
408.5,,-2.87086304326474,"Williams et al. (2010, 2012)"
409,,-3.1968746977274,"Williams et al. (2010, 2012)"
410,3.3,-4.24784633649864,"Williams et al. (2010, 2012)"
410.5,,-2.13595852095054,"Williams et al. (2010, 2012)"
411,,-1.476983513977,"Williams et al. (2010, 2012)"
411.5,,-0.726260400310888,"Williams et al. (2010, 2012)"
412,3.53,,"Williams et al. (2010, 2012)"
412.5,,-2.62363263008516,"Williams et al. (2010, 2012)"
413,3.92,-2.66557169214932,"Williams et al. (2010, 2012)"
413.5,,-1.02324299096506,"Williams et al. (2010, 2012)"
414,3.11,,"Williams et al. (2010, 2012)"
414.5,,-1.57199755512052,"Williams et al. (2010, 2012)"
415,,-2.19037687258927,"Williams et al. (2010, 2012)"
415.5,,-1.30634605233148,"Williams et al. (2010, 2012)"
416,,-1.76753672876136,"Williams et al. (2010, 2012)"
416.5,,-2.35634816007065,"Williams et al. (2010, 2012)"
417.5,4.14,,"Williams et al. (2010, 2012)"
419,,-1.97961549968105,"Williams et al. (2010, 2012)"
420,4.13,-2.332524795357,"Williams et al. (2010, 2012)"
420.5,,-2.10426868657124,"Williams et al. (2010, 2012)"
421,4.6,,"Williams et al. (2010, 2012)"
421.5,3.96,-2.9496997465422,"Williams et al. (2010, 2012)"
422,4.28,-2.87449264228792,"Williams et al. (2010, 2012)"
422.5,,-2.22836865867707,"Williams et al. (2010, 2012)"
423,4.03,,"Williams et al. (2010, 2012)"
423.5,,-2.59224748538509,"Williams et al. (2010, 2012)"
424,3.79,-2.77258025735138,"Williams et al. (2010, 2012)"
424.5,,-3.1894786011444,"Williams et al. (2010, 2012)"
425,3.78,-2.25582021725445,"Williams et al. (2010, 2012)"
425.5,3.76,-2.33823035498098,"Williams et al. (2010, 2012)"
426,,-2.46814751327927,"Williams et al. (2010, 2012)"
426.5,4.4,-2.61745529221909,"Williams et al. (2010, 2012)"
427,4,,"Williams et al. (2010, 2012)"
427.5,4.17,-3.17299657359909,"Williams et al. (2010, 2012)"
428.5,,-2.03238508650147,"Williams et al. (2010, 2012)"
429,,-2.99319033928957,"Williams et al. (2010, 2012)"
429.5,4.24,,"Williams et al. (2010, 2012)"
430,4.01,-2.42116703036426,"Williams et al. (2010, 2012)"
431,,-2.06534914159208,"Williams et al. (2010, 2012)"
431.5,,-1.38570788810625,"Williams et al. (2010, 2012)"
432,,-2.67332794040593,"Williams et al. (2010, 2012)"
432.5,,-2.12360384521839,"Williams et al. (2010, 2012)"
433,,-2.46487876850942,"Williams et al. (2010, 2012)"
433.5,,-2.67623653350216,"Williams et al. (2010, 2012)"
434,,-2.84202633998729,"Williams et al. (2010, 2012)"
434.5,,-2.41931081000181,"Williams et al. (2010, 2012)"
435.5,,-1.54770241216478,"Williams et al. (2010, 2012)"
439,,-2.37374285149421,"Williams et al. (2010, 2012)"
439.5,,-2.61709514054548,"Williams et al. (2010, 2012)"
440,,-1.62429536369885,"Williams et al. (2010, 2012)"
440.5,,-2.45033580302827,"Williams et al. (2010, 2012)"
441,,-1.73966955651598,"Williams et al. (2010, 2012)"
442.5,,-0.880665062095947,"Williams et al. (2010, 2012)"
453.5,,-1.7513039289009,"Williams et al. (2010, 2012)"
454,,-1.67180238427061,"Williams et al. (2010, 2012)"
454.5,,-1.51279929501002,"Williams et al. (2010, 2012)"
455,3.48,,"Williams et al. (2010, 2012)"
455.5,3.55,-1.86183046655766,"Williams et al. (2010, 2012)"
456,3.45,-1.78135939089529,"Williams et al. (2010, 2012)"
456.5,3.25,-1.58066646725539,"Williams et al. (2010, 2012)"
457,,-2.02083355581825,"Williams et al. (2010, 2012)"
457.5,,-2.28066787241483,"Williams et al. (2010, 2012)"
458,3.26,-2.70338340240031,"Williams et al. (2010, 2012)"
458.5,3.32,-1.8977031147445,"Williams et al. (2010, 2012)"
459,3.53,-2.4367623685792,"Williams et al. (2010, 2012)"
459.5,3.67,-1.36058292297396,"Williams et al. (2010, 2012)"
460,3.06,-1.15698140623783,"Williams et al. (2010, 2012)"
460.5,3.31,-1.56725941878946,"Williams et al. (2010, 2012)"
461,3.38,-1.41892117088171,"Williams et al. (2010, 2012)"
461.5,3.16,-1.29676026084003,"Williams et al. (2010, 2012)"
462,3.26,-1.59828441181591,"Williams et al. (2010, 2012)"
462.5,3.17,-1.45091569494024,"Williams et al. (2010, 2012)"
463,3.29,-0.557977614397519,"Williams et al. (2010, 2012)"
463.5,,-1.8493929491238,"Williams et al. (2010, 2012)"
464,3.2,,"Williams et al. (2010, 2012)"
464.5,3.33,-1.62930940484237,"Williams et al. (2010, 2012)"
465,,-1.74875548747829,"Williams et al. (2010, 2012)"
465.5,3.29,,"Williams et al. (2010, 2012)"
466,3.24,-1.57595711579109,"Williams et al. (2010, 2012)"
467,3.24,-1.83676096341975,"Williams et al. (2010, 2012)"
468,3.11,-1.59922586056094,"Williams et al. (2010, 2012)"
469,3.16,-1.43537511613996,"Williams et al. (2010, 2012)"
470,3.04,-0.978726000031791,"Williams et al. (2010, 2012)"
471,3.19,-1.44507042646073,"Williams et al. (2010, 2012)"
472,3.05,-1.5924391433364,"Williams et al. (2010, 2012)"
473,3.4,-1.63509850874778,"Williams et al. (2010, 2012)"
474,3.56,-1.84936486683675,"Williams et al. (2010, 2012)"
475,3.29,-1.49742510219287,"Williams et al. (2010, 2012)"
476,3.07,-1.19299235812076,"Williams et al. (2010, 2012)"
477,3.08,-1.27626110289061,"Williams et al. (2010, 2012)"
478,3.29,-2.06557028698987,"Williams et al. (2010, 2012)"
479,3.17,-0.683988566280448,"Williams et al. (2010, 2012)"
480,3.01,-1.89978048050474,"Williams et al. (2010, 2012)"
481,3.07,-2.08980856279179,"Williams et al. (2010, 2012)"
482,3.33,-2.51737174793766,"Williams et al. (2010, 2012)"
483,3.54,-1.75241176362907,"Williams et al. (2010, 2012)"
484,3.35,-2.18385307290324,"Williams et al. (2010, 2012)"
485,3.61,-1.86584689438205,"Williams et al. (2010, 2012)"
486,3.28,-1.39950246795312,"Williams et al. (2010, 2012)"
488,3.32,-0.210857422626972,"Williams et al. (2010, 2012)"
490,3.32,-1.0116900551224,"Williams et al. (2010, 2012)"
492,3.16,-0.857534621022193,"Williams et al. (2010, 2012)"
493,3.28,-1.73108208092338,"Williams et al. (2010, 2012)"
494,3.06,-1.19008376502453,"Williams et al. (2010, 2012)"
495,3.32,-1.05725801363001,"Williams et al. (2010, 2012)"
496,3.26,-1.14839393064523,"Williams et al. (2010, 2012)"
497,3.11,-0.716232318023835,"Williams et al. (2010, 2012)"
498,3.24,-0.0158707611907793,"Williams et al. (2010, 2012)"
499,3.23,0.137315141877352,"Williams et al. (2010, 2012)"
500,2.53,-0.25437539508167,"Williams et al. (2010, 2012)"
501,3.25,0.0180628249319064,"Williams et al. (2010, 2012)"
503,3.33,-0.907839310701426,"Williams et al. (2010, 2012)"
505,3.01,0.106290148850896,"Williams et al. (2010, 2012)"
506,3.35,-0.173904319419297,"Williams et al. (2010, 2012)"
507,3.05,,"Williams et al. (2010, 2012)"
508,,-0.122519174719226,"Williams et al. (2010, 2012)"
509,,-0.726537007703069,"Williams et al. (2010, 2012)"
510,3.06,0.0287276662847518,"Williams et al. (2010, 2012)"
511,3.64,-2.21476714194094,"Williams et al. (2010, 2012)"
512,3.11,-0.27861367088359,"Williams et al. (2010, 2012)"
513,3.28,-0.2281980572156,"Williams et al. (2010, 2012)"
514,3.31,0.190639348641575,"Williams et al. (2010, 2012)"
515,,-0.583046414955703,"Williams et al. (2010, 2012)"
517,,-1.13991737904139,"Williams et al. (2010, 2012)"
518,2.99,0.124351086786739,"Williams et al. (2010, 2012)"
519,3.22,0.195126852128347,"Williams et al. (2010, 2012)"
520,3.76,-1.4278680955682,"Williams et al. (2010, 2012)"
521,3.49,-1.64116492262509,"Williams et al. (2010, 2012)"
522,3.36,-1.02454318622426,"Williams et al. (2010, 2012)"
523,3.12,-0.767617462723905,"Williams et al. (2010, 2012)"
524,3.57,-2.07842341809172,"Williams et al. (2010, 2012)"
525,3.57,-1.0226041241601,"Williams et al. (2010, 2012)"
526,3.7,-1.54130322632119,"Williams et al. (2010, 2012)"
527,3.22,-1.11180097911117,"Williams et al. (2010, 2012)"
528,,-1.2940728131416,"Williams et al. (2010, 2012)"
529,3.77,-0.534930015025477,"Williams et al. (2010, 2012)"
530,3.43,-1.0352080275771,"Williams et al. (2010, 2012)"
531,,-1.54227275735326,"Williams et al. (2010, 2012)"
532,,-1.35612279919452,"Williams et al. (2010, 2012)"
533,3.34,-1.43271575072858,"Williams et al. (2010, 2012)"
534,4.3,-1.33479311648883,"Williams et al. (2010, 2012)"
535,,-0.444209711678251,"Williams et al. (2010, 2012)"
536,3.66,-1.14670409626593,"Williams et al. (2010, 2012)"
537,3.7,-1.54227275735326,"Williams et al. (2010, 2012)"
538,3,-1.31055484068691,"Williams et al. (2010, 2012)"
539,3.23,-1.00127444145441,"Williams et al. (2010, 2012)"
540,,-1.28340797178876,"Williams et al. (2010, 2012)"
541,3.17,-0.2372839881779,"Williams et al. (2010, 2012)"
542,3.28,-1.66152507429871,"Williams et al. (2010, 2012)"
543,,-1.23784001328115,"Williams et al. (2010, 2012)"
544,,-1.97177500456328,"Williams et al. (2010, 2012)"
545,3.3,-1.98135939089529,"Williams et al. (2010, 2012)"
546,3.4,-2.22191401083909,"Williams et al. (2010, 2012)"
547,2.92,,"Williams et al. (2010, 2012)"
548,,-1.63146961230433,"Williams et al. (2010, 2012)"
549,,-1.66734226049117,"Williams et al. (2010, 2012)"
550,3.26,-1.88548674270845,"Williams et al. (2010, 2012)"
551,,-1.68278560515635,"Williams et al. (2010, 2012)"
552,3.29,-1.23292320627272,"Williams et al. (2010, 2012)"
553,3.12,-0.90393380686579,"Williams et al. (2010, 2012)"
554,3.07,-0.798975227716646,"Williams et al. (2010, 2012)"
555,3.35,-0.588863601148166,"Williams et al. (2010, 2012)"
557,,-0.541328849579209,"Williams et al. (2010, 2012)"
558,2.89,-0.234015243408059,"Williams et al. (2010, 2012)"
559,3.15,0.0432706317659033,"Williams et al. (2010, 2012)"
560,,-0.416287077438494,"Williams et al. (2010, 2012)"
561,,-0.127366829879609,"Williams et al. (2010, 2012)"
562,,-0.713933104286067,"Williams et al. (2010, 2012)"
563,2.85,-0.12154964368715,"Williams et al. (2010, 2012)"
565,,-0.186508222836295,"Williams et al. (2010, 2012)"
567,,0.341886189645553,"Williams et al. (2010, 2012)"
568,3.33,-0.181660567675912,"Williams et al. (2010, 2012)"
569,2.92,0.337038534485171,"Williams et al. (2010, 2012)"
570,2.97,-0.019748885319089,"Williams et al. (2010, 2012)"
571,2.71,0.272079955336025,"Williams et al. (2010, 2012)"
572,2.67,0.0597526593112079,"Williams et al. (2010, 2012)"
573,2.87,-0.495788622068794,"Williams et al. (2010, 2012)"
576,,0.000611266354525242,"Williams et al. (2010, 2012)"
577,2.96,,"Williams et al. (2010, 2012)"
578,,-0.06035826467755,"Williams et al. (2010, 2012)"
579,3.05,-0.0699152713022322,"Williams et al. (2010, 2012)"
580,2.8,0.469143982532465,"Williams et al. (2010, 2012)"
581,2.65,0.0813315697017494,"Williams et al. (2010, 2012)"
582,2.88,0.176110073014089,"Williams et al. (2010, 2012)"
583,2.59,-0.582797187270852,"Williams et al. (2010, 2012)"
585,2.68,0.410736582776671,"Williams et al. (2010, 2012)"
587,,1.01595948462377,"Williams et al. (2010, 2012)"
588,2.87,0.849200147106565,"Williams et al. (2010, 2012)"
589,2.71,0.0881182869262851,"Williams et al. (2010, 2012)"
590,3.01,0.743521264610198,"Williams et al. (2010, 2012)"
591,2.62,0.118173748920668,"Williams et al. (2010, 2012)"
592,3.06,0.365404162100248,"Williams et al. (2010, 2012)"
593,,0.117204217888592,"Williams et al. (2010, 2012)"
597,2.54,1.00942199508409,"Williams et al. (2010, 2012)"
598,2.26,0.937427471025554,"Williams et al. (2010, 2012)"
599,2.47,0.97523918127655,"Williams et al. (2010, 2012)"
600,2.21,1.09643056028615,"Williams et al. (2010, 2012)"
601,2.18,1.33978284933742,"Williams et al. (2010, 2012)"
602,2.39,0.799754064470651,"Williams et al. (2010, 2012)"
603,2.36,1.46485235247533,"Williams et al. (2010, 2012)"
607,2.52,1.37565549752426,"Williams et al. (2010, 2012)"
608,,1.47163906969987,"Williams et al. (2010, 2012)"
609,,1.83036555156828,"Williams et al. (2010, 2012)"
610,2.28,,"Williams et al. (2010, 2012)"
611,2.28,1.24379927716182,"Williams et al. (2010, 2012)"
612,2.41,1.56571095951864,"Williams et al. (2010, 2012)"
613,2.34,0.768950919421716,"Williams et al. (2010, 2012)"
617,2.19,0.736956395363187,"Williams et al. (2010, 2012)"
618,2.56,0.87075167778978,"Williams et al. (2010, 2012)"
619,2.47,0.679754064470654,"Williams et al. (2010, 2012)"
620,2.35,0.902746201848316,"Williams et al. (2010, 2012)"
621,2.54,0.918258698361541,"Williams et al. (2010, 2012)"
622,,0.76,Williams (2014)
624,2.33,0.93,Williams (2014)
625,,0.25,Williams (2014)
626,2.44,0.49,Williams (2014)
628,,1.09,Williams (2014)
629,2.15,1.28,Williams (2014)
630,2.29,0.55,Williams (2014)
631,,0.2,Williams (2014)
632,2.84,0.22,Williams (2014)
633,,0.62,Williams (2014)
635,2.47,0.3,Williams (2014)
636,,0.8,Williams (2014)
638,,1.09,Williams (2014)
641,2.31,1.09,Williams (2014)
642,,0.95,Williams (2014)
643,2.11,0.86,Williams (2014)
645,,0.45,Williams (2014)
646,,1.1,Williams (2014)
647,3,0.53,Williams (2014)
648,,0.66,Williams (2014)
649,,0.76,Williams (2014)
650,,0.2,Williams (2014)
651,2.63,0.17,Williams (2014)
652,,0.14,Williams (2014)
653,2.35,0.19,Williams (2014)
654,,-0.3,Williams (2014)
656,2.57,0.16,Williams (2014)
659,2.59,-0.07,Williams (2014)
660,,-0.03,Williams (2014)
662,2.35,1.02,Williams (2014)
663,2.53,0.48,Williams (2014)
664,,-0.07,Williams (2014)
665,2.1,0.25,Williams (2014)
667,2.37,,Williams (2014)
673,2.67,0.45,Williams (2014)
676,2.56,,Williams (2014)
678,2.6,,Williams (2014)
679,,0.29,Williams (2014)
680,,-0.25,Williams (2014)
682,2.24,,Williams (2014)
683,,0.43,Williams (2014)
684,2.51,0.02,Williams (2014)
685,,0.34,Williams (2014)
686,,0.41,Williams (2014)
688,2.4,0.33,Williams (2014)
691,,0.29,Williams (2014)
692,2.69,-0.22,Williams (2014)
693,,0.45,Williams (2014)
696,2.74,-0.4,Williams (2014)
698,2.73,-0.25,Williams (2014)
700,2.72,-0.52,Williams (2014)
701,,0.02,Williams (2014)
702,,0.09,Williams (2014)
703,2.79,-0.15,Williams (2014)
704,,0.09,Williams (2014)
705,,-0.4,Williams (2014)
706,,-0.14,Williams (2014)
707,2.69,-0.37,Williams (2014)
709,,0.25,Williams (2014)
711,,0.12,Williams (2014)
712,2.57,0.55,Williams (2014)
713,2.41,0.5,Williams (2014)
714,2.84,0.09,Williams (2014)
715,2.73,0.02,Williams (2014)
716,,-0.26,Williams (2014)
720,,0.54,Williams (2014)
721,2.56,0.24,Williams (2014)
723,,0.4,Williams (2014)
724,2.44,0.32,Williams (2014)
726,2.56,0.04,Williams (2014)
728,,-0.14,Williams (2014)
729,2.64,-0.11,Williams (2014)
731,,0.4,Williams (2014)
732,,-0.09,Williams (2014)
733,2.76,-0.09,Williams (2014)
734,,-0.78,Williams (2014)
735,,-0.48,Williams (2014)
736,2.81,0.24,Williams (2014)
738,,0.12,Williams (2014)
740,,0.21,Williams (2014)
741,2.76,-0.25,Williams (2014)
742,2.26,,Williams (2014)
743,,-0.2,Williams (2014)
744,,0.22,Williams (2014)
745,2.27,-0.56,Williams (2014)
746,,0.16,Williams (2014)
748,2.6,0.13,Williams (2014)
749,,0.4,Williams (2014)
750,,0.57,Williams (2014)
751,2.71,,Williams (2014)
753,,0.22,Williams (2014)
754,2.44,-0.27,Williams (2014)
756,,-0.08,Williams (2014)
758,2.63,0.6,Williams (2014)
761,2.6,-0.57,Williams (2014)
762,2.5,0.26,Williams (2014)
763,,0.18,Williams (2014)
764,2.07,0.1,Williams (2014)
765,,0.17,Williams (2014)
766,,0.32,Williams (2014)
768,,0.63,Williams (2014)
769,2.31,0.3,Williams (2014)
770,,0.15,Williams (2014)
771,,0.29,Williams (2014)
772,,-0.18,Williams (2014)
773,,-0.14,Williams (2014)
774,,0.37,Williams (2014)
775,,-0.12,Williams (2014)
776,2.44,,Williams (2014)
778,2.45,-0.19,Williams (2014)
779,,-0.26,Williams (2014)
781,2.26,-0.03,Williams (2014)
783,2.45,0.07,Williams (2014)
784,,-0.07,Williams (2014)
789,1.98,,Williams (2014)
793,2.51,0.15,Williams (2014)
794,,0.09,Williams (2014)
796,2.32,0.16,Williams (2014)
798,2.13,0.22,Williams (2014)
799,,0.34,Williams (2014)
800,,-0.08,Williams (2014)
801,2.26,0.09,Williams (2014)
803,,0.08,Williams (2014)
804,2.54,0.27,Williams (2014)
806,,0.12,Williams (2014)
807,,-0.17,Williams (2014)
808,,0.23,Williams (2014)
809,2.5,0.11,Williams (2014)
810,,0.36,Williams (2014)
811,,-0.04,Williams (2014)
812,2.27,,Williams (2014)
813,,-0.06,Williams (2014)
814,2.56,,Williams (2014)
815,,-0.17,Williams (2014)
816,,-0.05,Williams (2014)
817,2.39,0.14,Williams (2014)
818,,-0.42,Williams (2014)
819,2.31,0.17,Williams (2014)
820,,0.13,Williams (2014)
821,,0.2,Williams (2014)
822,2.03,0.32,Williams (2014)
829,,-1.03,Williams (2014)
831,,-0.87,Williams (2014)
833,,0.31,Williams (2014)
836,2.79,,Williams (2014)
837,2.64,,Williams (2014)
838,,-0.59,Williams (2014)
841,,0.62,Williams (2014)
846,,0.21,Williams (2014)
851,,0.14,Williams (2014)
852,2.78,0.3,Williams (2014)
853,,0.41,Williams (2014)
854,,0.12,Williams (2014)
855,2.78,-0.43,Williams (2014)
856,,-0.62,Williams (2014)
858,2.16,-0.24,Williams (2014)
860,,0.13,Williams (2014)
861,2.63,,Williams (2014)
864,2.41,0.5,Williams (2014)
870,,0.17,Williams (2014)
871,,-0.17,Williams (2014)
878,2.64,,Williams (2014)
880,3.02,,Williams (2014)
881,,-0.11,Williams (2014)
88,2.38,,Williams (2014)
884,,0.22,Williams (2014)
891.5,,-0.14,Williams (2014)
894,,-0.34,Williams (2014)
895,2.83,,Williams (2014)
896,,-0.53,Williams (2014)
897,,-0.16,Williams (2014)
898,3.2,-0.03,Williams (2014)
900.5,,-0.09,Williams (2014)
902.5,,-0.18,Williams (2014)
905.5,,0.32,Williams (2014)
